{ "assessment": {"engineversion":"2.0","title":"New Quiz","stylesheeturl":"style/assessment.css","feedbacktime":"end state","feedbacklevel":"nothing","randomizeanswersequence":"true","mode":"test","randomizequestionsequence":"true","showquestionnumber":"true","recordinteractions":"true","displaytitle":"true","timelimit":"0","showallquestionsonsinglepage":"false","allowretakewhenfailed":"false","maxnumberofattempts":"1","showbackbutton":"true","showexplanations":"incorrect only","explanationlevel":"all","answerlistbullet":"alphabetic","totalmissedquestionthreshold":"2","passingscore":"65","splashpagetemplate":"Welcome to this quiz. Click 'Begin Quiz' to start.","finalreporttemplate":"<h3>Congratulations $STUDENT_NAME, you have finished the demonstration quiz!</h3><div>You have <i>$SUCCESS_STATUS</i> this quiz with a score of <strong>$SCORE%</strong>.</div><div>Please exit the quiz by clicking the 'exit' button below.</div><br /><br />","startbuttoncaption":"Begin Quiz","nextbuttoncaption":"Submit and Continue","backbuttoncaption":"Previous","passedstatustext":"passed","failedstatustext":"failed","questionprefix":"","questionsuffix":"","answerprefix":"","answersuffix":"","questionlevels":[{"level":1,"numberofquestionstoshow":2}],"questions":[{"id":"q1","type":"multiple choice single answer","suppressanswerrandomization":"false","level":"1","text":"Type your question text here","answers":[{"letter":"a","id":"q1a1","shortId":"a","iscorrect":"true","text":"Type your answer text here","explanation":""},{"letter":"b","id":"q1a2","shortId":"b","text":"Type your answer text here","explanation":"","iscorrect":"false"},{"letter":"c","id":"q1a3","shortId":"c","text":"Type your answer text here","explanation":"","iscorrect":"false"}]},{"id":"q2","type":"multiple choice single answer","suppressanswerrandomization":"false","level":"1","text":"sdffdsdfs","answers":[{"letter":"a","shortId":"a","id":"q2a1","iscorrect":"true","text":"sdfsdf","explanation":""},{"letter":"b","id":"q2a2","shortId":"b","iscorrect":"false","text":"Type your answer text here","explanation":""}]}]} }