<?xml version="1.0" standalone="no" ?>
<!-- SCORM conformance added by: Rustici Software - "We Make SCORM Easy" 
	www.scorm.com -->
<manifest identifier="com.scorm.videoSco.1169e5cd-8bac-465d-8746-7bb19f43d7fc" version="1"
	xmlns="http://www.imsglobal.org/xsd/imscp_v1p1" xmlns:xsi="http://www.w3.org/2001/XMLSchema-instance"
	xmlns:adlcp="http://www.adlnet.org/xsd/adlcp_v1p3" xmlns:adlseq="http://www.adlnet.org/xsd/adlseq_v1p3"
	xmlns:adlnav="http://www.adlnet.org/xsd/adlnav_v1p3" xmlns:imsss="http://www.imsglobal.org/xsd/imsss"
	xsi:schemaLocation="http://www.imsglobal.org/xsd/imscp_v1p1 imscp_v1p1.xsd
                              http://www.adlnet.org/xsd/adlcp_v1p3 adlcp_v1p3.xsd
                              http://www.adlnet.org/xsd/adlseq_v1p3 adlseq_v1p3.xsd
                              http://www.adlnet.org/xsd/adlnav_v1p3 adlnav_v1p3.xsd
                              http://www.imsglobal.org/xsd/imsss imsss_v1p0.xsd">

	<metadata>
		<schema>ADL SCORM</schema>
		<schemaversion>2004 4th Edition</schemaversion>
		<adlcp:location>metadata.xml</adlcp:location>
	</metadata>
	<organizations default="assessmentEngineScoOrg">
		<organization identifier="assessmentEngineScoOrg"
			adlseq:objectivesGlobalToSystem="false">
			<title>New Quiz</title>
			<item identifier="item_1" identifierref="resource_1">
				<title>New Quiz</title>
				<adlcp:dataFromLMS>1169e5cd-8bac-465d-8746-7bb19f43d7fc</adlcp:dataFromLMS>
			</item>
			<imsss:sequencing>
				<imsss:controlMode choice="true" flow="true" />
			</imsss:sequencing>
		</organization>
	</organizations>
	<resources>
		<resource identifier="resource_1" type="webcontent"
			adlcp:scormType="sco" href="scripts/indexAPI.html">
			<metadata>
				<adlcp:location>metadata.xml</adlcp:location>
			</metadata>
			<file href="scripts/indexAPI.html" />
			<file href="scripts/jquery.js" />
			
		</resource>
	</resources>
</manifest>
