<?xml version="1.0" ?>
<lom xmlns="http://ltsc.ieee.org/xsd/LOM" 
     xmlns:xsi="http://www.w3.org/2001/XMLSchema-instance"
     xmlns:hstm="http://www.healthstream.com/HSTMConfiguration.xsd"
     xsi:schemaLocation="http://ltsc.ieee.org/xsd/LOM lomLoose.xsd 
                         http://www.healthstream.com/HSTMConfiguration.xsd HSTMConfiguration.xsd">
  <general>
   
    <identifier>
      <catalog>URI</catalog>
      <entry>com.scorm.assessmentEngine.1169e5cd-8bac-465d-8746-7bb19f43d7fc</entry>
    </identifier>
    
    <title>
      <string>New Quiz</string>
    </title>

    <language>en</language>

    <description>
      <string>New Quiz</string>
    </description>
    
    
    
    <structure>
      <source>LOMv1.0</source>
      <value>atomic</value>
    </structure>
    
    <aggregationLevel>
      <source>LOMv1.0</source>
      <value>1</value>
    </aggregationLevel>
    
  </general>
  
  <lifeCycle>
    <contribute>
      <role>
        <source>LOMv1.0</source>
        <value>publisher</value>
      </role>
      <entity>
		 
      </entity>
      <date>
        <dateTime>2016-09-05</dateTime>
        <description>
          <string language="en-US"></string>
        </description>
      </date>
    </contribute>
    
    <contribute>
      <role>
        <source>LOMv1.0</source>
        <value>content provider</value>
      </role>
      <entity>
        <![CDATA[BEGIN:VCARD
VERSION:2.1
FN:
END:VCARD]]>
      </entity>
      <date>
        <dateTime>2016-09-05</dateTime>
        <description>
          <string language="en-US"></string>
        </description>
      </date>
    </contribute>
    
  </lifeCycle>
  
  <technical>

    <format>text/html</format>
    <format>image/jpeg</format>
    <format>application/x-javascript</format>
    <format>application/x-shockwave-flash</format>
    <format>text/css</format>

    <location></location>

    
    <hstm:HSTMConfiguration xmlns="http://www.healthstream.com/HSTMConfiguration.xsd">
      
      <appearence>
        <displayStage>
          <desired>
            <width>680</width>
            <height>700</height>
            <fullscreen>no</fullscreen>
          </desired>
          <required>
            <width>0</width>
            <height>0</height>
            <fullscreen>no</fullscreen>
          </required>
        </displayStage>
      </appearence>
      <behavior>
        <resetRtTiming>never</resetRtTiming>
        <rollupEmptySetToUnknown>yes</rollupEmptySetToUnknown>
      </behavior>
    </hstm:HSTMConfiguration>
    
    <installationRemarks>
      <string language="en-us">Nothing to install.</string>
    </installationRemarks>

    <otherPlatformRequirements>
      <string language="en-us"></string>
    </otherPlatformRequirements>

    <duration>
      <duration>PT0H0M0S</duration>
      <description>
        <string language="en-us"></string>
      </description>
    </duration>
    
  </technical>

  <educational>

    <typicalLearningTime>
      <duration>PT0H0M0S</duration>
      <description>
        <string language="en-us"></string>
      </description>
    </typicalLearningTime>

  </educational>
  
  <rights>

    <cost>
      <source>LOMv1.0</source>
      <value>no</value>
    </cost>

    <copyrightAndOtherRestrictions>
      <source>LOMv1.0</source>
      <value>yes</value>
    </copyrightAndOtherRestrictions>

    <description>
      <string></string>
    </description>
  </rights>
  
</lom>
